No.,Weekly Schedule,Delivered By,Location,Category,Area,Branch,Frequency,Frequency Count,TL,Delivery Mode,Active Branches
1,FRIDAY,FTI,NL,BRANCH,ALAMINOS,MAGIC LINGAYEN,F4,4,"CARANZA, JEFFREY",DIRECT,Active
1,FRIDAY,FTI,NL,BRANCH,ALAMINOS,MAGIC ALAMINOS,F4,4,"CARANZA, JEFFREY",DIRECT,Active
1,FRIDAY,FTI,NL,ASC,ALAMINOS,TECHNOMAGIC ALAMINOS,F4,4,,DIRECT,
1,FRIDAY,FTI,NL,BRANCH,ALAMINOS,CSI ALAMINOS,F4,4,"CARANZA, JEFFREY",DIRECT,Active
1,FRIDAY,FTI,NL,BRANCH,ALAMINOS,MAGIC BOLINAO,F4,4,"CARANZA, JEFFREY",DIRECT,Active
1,FRIDAY,FTI,NL,BRANCH,ALAMINOS,MAGIC ZAMBALES,F4,4,"CARANZA, JEFFREY",DIRECT,Active
2,TUESDAY,FTI,CL,BRANCH,ANGELES,ADDESSA PANDAN ANGELES,F4,4,"GALANO, DARIO",DIRECT,Closed Branch
2,TUESDAY,FTI,CL,BRANCH,ANGELES,MEGASAVER STO. ROSARIO,F4,4,"GALANO, DARIO",DIRECT,Active
2,TUESDAY,FTI,CL,BRANCH,ANGELES,ABENSON NEPO ANGELES,F4,4,"GALANO, DARIO",DIRECT,Active
2,TUESDAY,FTI,CL,BRANCH,ANGELES,MEGASAVER HENSON,F4,4,"GALANO, DARIO",DIRECT,Active
2,TUESDAY,FTI,CL,BRANCH,ANGELES,ROBINSONS ANGELES,F4,4,"GALANO, DARIO",DIRECT,Active
2,TUESDAY,FTI,CL,BRANCH,ANGELES,ABENSON WM ARAYAT,F4,4,"LIWAG, CHRISTOPHER ALLEN",DIRECT,Active
2,TUESDAY,FTI,CL,BRANCH,ANGELES,SAVERS BALIBAGO,F4,4,"GALANO, DARIO",DIRECT,Active
3,WEDNESDAY & SATURDAY,FTI,MM,BRANCH,ANTIPOLO,ABENSON EAST ORTIGAS,F8,8,"ALBERTO, JOEY",DIRECT,Active
3,WEDNESDAY,FTI,MM,BRANCH,ANTIPOLO,ROBINSONS CAINTA,F4,4,"ALBERTO, JOEY",DIRECT,Active
3,WEDNESDAY,FTI,MM,BRANCH,ANTIPOLO,MEGASAVER PASIG,F4,4,"ALBERTO, JOEY",DIRECT,Active
3,WEDNESDAY & SATURDAY,FTI,MM,BRANCH,ANTIPOLO,ABENSON WM ANTIPOLO,F8,8,"JACINTO, LAURO",DIRECT,Active
3,WEDNESDAY,FTI,MM,BRANCH,ANTIPOLO,ALLHOME ANTIPOLO,F4,4,"JACINTO, LAURO",DIRECT,Closed Branch
3,WEDNESDAY & SATURDAY,FTI,MM,BRANCH,ANTIPOLO,ROBINSONS ANTIPOLO,F8,8,"JACINTO, LAURO",DIRECT,Active
4,TUESDAY,FTI,CL,BRANCH,APALIT,ADDESSA APALIT,F4,4,"CUNANAN, JERALD",DIRECT,Closed Branch
4,TUESDAY,FTI,CL,ASC,APALIT,APPLETRONICS APALIT,F4,4,,DIRECT,
4,TUESDAY,FTI,CL,BRANCH,APALIT,WESTERN PAMPANGA,F4,4,"CUNANAN, JERALD",DIRECT,Active
4,TUESDAY,FTI,CL,BRANCH,APALIT,MEGASAVER DOWNTOWN PAMPANGA,F4,4,"CUNANAN, JERALD",DIRECT,Active
4,TUESDAY,FTI,CL,ASC,APALIT,STA. LUCIA,F4,4,,DIRECT,
4,TUESDAY,FTI,CL,BRANCH,APALIT,S&R PAMPANGA,F4,4,"CUNANAN, JERALD",DIRECT,Active
4,TUESDAY,FTI,CL,BRANCH,APALIT,MEGASAVER SAN FERNANDO PAMPANGA,F4,4,"CUNANAN, JERALD",DIRECT,Active
4,TUESDAY,FTI,CL,BRANCH,APALIT,ROBINSONS PAMPANGA,F4,4,"CUNANAN, JERALD",DIRECT,Active
5,MONDAY,FTI,SL,BRANCH,BACOOR,WESTERN MOLINO,F4,4,"MUŃOZ, RICHARD",DIRECT,Active
5,MONDAY,FTI,SL,BRANCH,BACOOR,ABENSON WM BACOOR,F4,4,"MUŃOZ, RICHARD",DIRECT,Active
5,MONDAY,FTI,SL,BRANCH,BACOOR,S&R BACOOR,F4,4,"MUŃOZ, RICHARD",DIRECT,Active
5,MONDAY,FTI,SL,BRANCH,BACOOR,ROBINSONS VERMOSA,F4,4,"MUŃOZ, RICHARD",DIRECT,Active
5,MONDAY,FTI,MM,BRANCH,BACOOR,ALLHOME DAANGHARI,F4,4,"MUŃOZ, RICHARD",DIRECT,Closed Branch
5,MONDAY,FTI,SL,BRANCH,BACOOR,ROBINSONS ARVO DASMA,F4,4,"MUŃOZ, RICHARD",DIRECT,Active
5,MONDAY,FTI,SL,ASC,BACOOR,PSD CAVITE,F4,4,,DIRECT,
5,MONDAY,FTI,SL,ASC,BACOOR,NBJ DASMA,F4,4,,DIRECT,
6,FRIDAY,FTI,NL,BRANCH,BAGUIO,ROBINSONS CENTRAL MALL,F4,4,"OPEŃA, JR., ROLANDO",DIRECT,Active
6,FRIDAY,FTI,NL,BRANCH,BAGUIO,TIONGSAN HARRISON,F4,4,"OPEŃA, JR., ROLANDO",DIRECT,Active
6,FRIDAY,FTI,NL,BRANCH,BAGUIO,AV SURFER BAGUIO,F4,4,,DIRECT,
6,FRIDAY,FTI,NL,BRANCH,BAGUIO,TIONGSAN CAMPO SIOCO,F4,4,"OPEŃA, JR., ROLANDO",DIRECT,Closed Branch
6,FRIDAY,FTI,NL,BRANCH,BAGUIO,ROBINSONS CENTERPOINT,F4,4,"OPEŃA, JR., ROLANDO",DIRECT,Active
6,FRIDAY,FTI,NL,ASC,BAGUIO,CENTRAL REPUBLIC BAGUIO,F4,4,,DIRECT,
6,FRIDAY,FTI,NL,BRANCH,BAGUIO,TIONGSAN LA TRINIDAD,F4,4,"OPEŃA, JR., ROLANDO",DIRECT,Active
7,TUESDAY,FTI,CL,BRANCH,BALIBAGO,ABENSON MARQUEE MALL,F4,4,"LIWAG, CHRISTOPHER ALLEN",DIRECT,Closed Branch
7,TUESDAY,FTI,CL,BRANCH,BALIBAGO,ROBINSONS MARQUEE,F4,4,"LIWAG, CHRISTOPHER ALLEN",DIRECT,Active
7,TUESDAY,FTI,CL,BRANCH,BALIBAGO,METRO ANGELES,F4,4,"LIWAG, CHRISTOPHER ALLEN",DIRECT,Active
7,TUESDAY,FTI,CL,BRANCH,BALIBAGO,METRO ANGELES TWIN GROCER,F4,4,"LIWAG, CHRISTOPHER ALLEN",DIRECT,Active
7,TUESDAY,FTI,CL,BRANCH,BALIBAGO,IMPERIAL BALIBAGO,F4,4,"GALANO, DARIO",DIRECT,Active
7,TUESDAY,FTI,CL,BRANCH,BALIBAGO,SAVERS DON BONIFACIO,F4,4,"GALANO, DARIO",DIRECT,Active
8,TUESDAY,FTI,CL,BRANCH,BALIUAG,MEGASAVER NEW BALIUAG,F4,4,"CUNANAN, JERALD",DIRECT,Active
8,TUESDAY & FRIDAY,FTI,CL,BRANCH,BALIUAG,ABENSON WM BALIUAG,F8,8,"TABAGAN, ARTHUR",DIRECT,Active
8,TUESDAY,FTI,CL,ASC,BALIUAG,RSG,F4,4,,DIRECT,
8,TUESDAY,FTI,CL,BRANCH,BALIUAG,S&R MALOLOS,F4,4,"TABAGAN, ARTHUR",DIRECT,Active
8,TUESDAY,FTI,CL,BRANCH,BALIUAG,S&R BALIUAG,F4,4,"TABAGAN, ARTHUR",DIRECT,Active
8,TUESDAY & FRIDAY,FTI,CL,BRANCH,BALIUAG,ROBINSONS MALOLOS,F8,8,"TABAGAN, ARTHUR",DIRECT,Active
8,TUESDAY,FTI,CL,BRANCH,BALIUAG,ADDESSA MALOLOS,F4,4,"ANTIPALA, LOUIECENCIO",DIRECT,Closed Branch
8,TUESDAY,FTI,CL,ASC,BALIUAG,APPLETRONICS MALOLOS,F4,4,,DIRECT,
8,TUESDAY,FTI,CL,BRANCH,BALIUAG,ALLHOME MALOLOS,F4,4,"ANTIPALA, LOUIECENCIO",DIRECT,Closed Branch
8,TUESDAY & FRIDAY,FTI,CL,BRANCH,BALIUAG,ABENSON WM MALOLOS,F8,8,"TABAGAN, ARTHUR",DIRECT,Active
9,TUESDAY,FTI,CL,ASC,BATAAN,MHIKE'S,F4,4,,DIRECT,
9,TUESDAY,FTI,CL,BRANCH,BATAAN,ABENSON WM BALANGA,F4,4,"CUNANAN, JERALD",DIRECT,Active
9,TUESDAY,FTI,CL,BRANCH,BATAAN,SAVERS BATAAN II,F4,4,"CUNANAN, JERALD",DIRECT,Active
9,TUESDAY,FTI,CL,BRANCH,BATAAN,ALLHOME BATAAN,F4,4,"CUNANAN, JERALD",DIRECT,Closed Branch
9,TUESDAY,FTI,CL,ASC,BATAAN,ST. JOSEPH,F4,4,,DIRECT,
9,TUESDAY,FTI,CL,BRANCH,BATAAN,SAVERS BATAAN I,F4,4,"CUNANAN, JERALD",DIRECT,Active
9,TUESDAY,FTI,CL,BRANCH,BATAAN,MEGASAVER BALANGA,F4,4,"CUNANAN, JERALD",DIRECT,Active
10,MONDAY,FTI,SL,BRANCH,BATANGAS,ABENSON NUCITI BATANGAS,F4,4,"LEVITA, RANDY",DIRECT,Active
10,MONDAY,FTI,SL,BRANCH,BATANGAS,IMPERIAL BATANGAS,F4,4,"LEVITA, RANDY",DIRECT,Active
10,MONDAY,FTI,SL,BRANCH,BATANGAS,WESTERN BATANGAS,F4,4,"LEVITA, RANDY",DIRECT,Active
10,MONDAY,FTI,SL,BRANCH,BATANGAS,ABENSON WM BATANGAS,F4,4,"LEVITA, RANDY",DIRECT,Active
10,MONDAY,FTI,SL,BRANCH,BATANGAS,IMPERIAL ROSARIO BATANGAS,F4,4,"LEVITA, RANDY",DIRECT,Active
10,MONDAY,FTI,SL,BRANCH,BATANGAS,ABENSON WM SAN PASCUAL,F4,4,"LEVITA, RANDY",DIRECT,Active
11,MONDAY,FTI,SL,BRANCH,BINAN,ABENSON BINAN,F4,4,"MUŃOZ, RICHARD",DIRECT,Active
11,MONDAY,FTI,SL,BRANCH,BINAN,ABENSON SOUTHWOODS,F4,4,"MUŃOZ, RICHARD",DIRECT,Active
11,MONDAY,FTI,SL,BRANCH,BINAN,ROBINSONS GALLERIA SOUTH,F4,4,"MUŃOZ, RICHARD",DIRECT,Active
11,MONDAY,FTI,SL,BRANCH,BINAN,ABENSON SAN PEDRO,F4,4,"MUŃOZ, RICHARD",DIRECT,Active
11,MONDAY,FTI,SL,ASC,BINAN,ABENSON CARMONA DEPOT,F4,4,,DIRECT,
11,MONDAY & THURSDAY,FTI,SL,BRANCH,BINAN,ABENSON WM CARMONA,F8,8,"ENCINARES, BON JOVI",DIRECT,Active
11,MONDAY,FTI,SL,ASC,BINAN,GLACIAL-K CARMONA,F4,4,,DIRECT,
12,SATURDAY,FTI,MM,BRANCH,BINONDO,ABENSON PG TAYUMAN,F4,4,"HILARIO, ELIZALDE",DIRECT,Active
12,SATURDAY,FTI,MM,BRANCH,BINONDO,ABENSON AC TUTUBAN,F4,4,"HILARIO, ELIZALDE",DIRECT,Active
12,SATURDAY,FTI,MM,BRANCH,BINONDO,ABENSON LUCKY CHINA TOWN,F4,4,"HILARIO, ELIZALDE",DIRECT,Active
12,SATURDAY,FTI,MM,BRANCH,BINONDO,J&R BINONDO,F4,4,,DIRECT,
12,SATURDAY,FTI,MM,BRANCH,BINONDO,FAIR N SQUARE BINONDO,F4,4,,DIRECT,
12,SATURDAY,FTI,MM,BRANCH,BINONDO,FAIR N SQUARE STA. MESA,F4,4,,DIRECT,
12,SATURDAY,FTI,MM,BRANCH,BINONDO,GREATWORLD BINONDO,F4,4,"HILARIO, ELIZALDE",DIRECT,Active
12,SATURDAY,FTI,MM,BRANCH,BINONDO,ANSONS SALAZAR,F4,4,"SADIA, IAN",DIRECT,Active
12,SATURDAY,FTI,MM,BRANCH,BINONDO,WESTERN RECTO,F4,4,"HILARIO, ELIZALDE",DIRECT,Active
13,THURSDAY,FTI,CL,BRANCH,CABANATUAN,MAGIC TALAVERA,F4,4,"LIWAG, CHRISTOPHER ALLEN",DIRECT,Active
13,THURSDAY,FTI,CL,BRANCH,CABANATUAN,MEGASAVER TALAVERA,F4,4,"LIWAG, CHRISTOPHER ALLEN",DIRECT,Active
13,THURSDAY,FTI,CL,BRANCH,CABANATUAN,ABENSON WM TALAVERA,F4,4,"LIWAG, CHRISTOPHER ALLEN",DIRECT,Active
13,THURSDAY,FTI,CL,ASC,CABANATUAN,ACTRON,F4,4,,DIRECT,
13,THURSDAY,FTI,CL,BRANCH,CABANATUAN,ABENSON WM CABANATUAN,F4,4,"LIWAG, CHRISTOPHER ALLEN",DIRECT,Active
13,THURSDAY,FTI,CL,BRANCH,CABANATUAN,S&R CABANATUAN,F4,4,"LIWAG, CHRISTOPHER ALLEN",DIRECT,Active
13,THURSDAY,FTI,CL,BRANCH,CABANATUAN,ABENSON NE CABANATUAN,F4,4,"LIWAG, CHRISTOPHER ALLEN",DIRECT,Active
13,THURSDAY,FTI,CL,BRANCH,CABANATUAN,ROBINSONS CABANATUAN,F4,4,"LIWAG, CHRISTOPHER ALLEN",DIRECT,Active
13,THURSDAY,FTI,CL,BRANCH,CABANATUAN,MEGASAVER CABANATUAN,F4,4,"LIWAG, CHRISTOPHER ALLEN",DIRECT,Active
14,SATURDAY,FTI,SL,DC,CALAMBA,S&R DC CALAMBA,F4,4,,DIRECT,Active
15,WEDNESDAY,FTI,SL,BRANCH,CALAPAN,DU EK SAM CALAPAN,F1,1,"LEVITA, RANDY",DIRECT,Active
15,WEDNESDAY,FTI,SL,BRANCH,CALAPAN,IMPERIAL CALAPAN,F1,1,"LEVITA, RANDY",DIRECT,Active
15,WEDNESDAY,FTI,SL,BRANCH,CALAPAN,ABENSON CALAPAN,F1,1,"LEVITA, RANDY",DIRECT,Active
15,WEDNESDAY,FTI,SL,BRANCH,CALAPAN,ROBINSONS CALAPAN,F1,1,"LEVITA, RANDY",DIRECT,Active
15,WEDNESDAY,FTI,SL,ASC,CALAPAN,CASK,F1,1,,DIRECT,
16,FRIDAY,FTI,NL,BRANCH,CALASIAO,MAGIC CALASIAO,F4,4,"CARANZA, JEFFREY",DIRECT,Active
16,FRIDAY,FTI,NL,BRANCH,CALASIAO,ROBINSONS CALASIAO,F4,4,"CARANZA, JEFFREY",DIRECT,Active
16,FRIDAY,FTI,NL,BRANCH,CALASIAO,S&R CALASIAO,F4,4,"CARANZA, JEFFREY",DIRECT,Active
16,FRIDAY,FTI,NL,ASC,CALASIAO,TECHNOMAGIC DAGUPAN,F4,4,,DIRECT,
16,FRIDAY,FTI,NL,ASC,CALASIAO,INFINITECH DAGUPAN,F4,4,,DIRECT,
16,FRIDAY,FTI,NL,BRANCH,CALASIAO,ABENSON DAGUPAN,F4,4,"CARANZA, JEFFREY",DIRECT,Active
16,FRIDAY,FTI,NL,BRANCH,CALASIAO,MAGICLUB DAGUPAN,F4,4,"CARANZA, JEFFREY",DIRECT,Active
16,FRIDAY,FTI,NL,BRANCH,CALASIAO,CSI DAGUPAN,F4,4,"CARANZA, JEFFREY",DIRECT,Active
17,WEDNESDAY & SATURDAY,FTI,MM,BRANCH,CALOOCAN,ABENSON PG VALENZUELA,F8,8,"HILARIO, ELIZALDE",DIRECT,Active
17,WEDNESDAY,FTI,MM,BRANCH,CALOOCAN,MEGASAVER VALENZUELA,F4,4,"HILARIO, ELIZALDE",DIRECT,Active
17,WEDNESDAY,FTI,MM,BRANCH,CALOOCAN,ROBINSONS MALABON,F4,4,"HILARIO, ELIZALDE",DIRECT,Active
17,WEDNESDAY,FTI,MM,BRANCH,CALOOCAN,SAVERS PASO DE BLAS,F4,4,"HILARIO, ELIZALDE",DIRECT,Active
17,WEDNESDAY & SATURDAY,FTI,MM,BRANCH,CALOOCAN,ABENSON MALABON,F8,8,"HILARIO, ELIZALDE",DIRECT,Active
17,WEDNESDAY,FTI,MM,BRANCH,CALOOCAN,ABENSON FISHERMALL MALABON,F4,4,"HILARIO, ELIZALDE",DIRECT,Active
17,WEDNESDAY,FTI,MM,BRANCH,CALOOCAN,WESTERN KALOOKAN,F4,4,"HILARIO, ELIZALDE",DIRECT,Active
17,WEDNESDAY & SATURDAY,FTI,MM,BRANCH,CALOOCAN,ABENSON WM CALOOCAN,F8,8,"HILARIO, ELIZALDE",DIRECT,Active
18,TUESDAY,FTI,CL,BRANCH,CAPAS,ABENSON WM CAPAS,F4,4,"GALANO, DARIO",DIRECT,Active
18,TUESDAY,FTI,CL,BRANCH,CAPAS,MEGASAVER CAPAS,F4,4,"GALANO, DARIO",DIRECT,Active
18,TUESDAY,FTI,CL,BRANCH,CAPAS,MEGASAVER LUISITA,F4,4,"GALANO, DARIO",DIRECT,Active
18,TUESDAY,FTI,CL,ASC,CAPAS,NEW DANS TARLAC,F4,4,,DIRECT,
18,TUESDAY,FTI,CL,BRANCH,CAPAS,ADDESSA TARLAC,F4,4,"GALANO, DARIO",DIRECT,Closed Branch
18,TUESDAY,FTI,CL,BRANCH,CAPAS,S&R TARLAC,F4,4,"GALANO, DARIO",DIRECT,Active
18,TUESDAY,FTI,CL,ASC,CAPAS,APPLETRONICS CAPAS,F4,4,,DIRECT,
18,TUESDAY,FTI,CL,BRANCH,CAPAS,MEGASAVER F. TANEDO,F4,4,"GALANO, DARIO",DIRECT,Active
18,TUESDAY,FTI,CL,BRANCH,CAPAS,IMPERIAL TARLAC,F4,4,"GALANO, DARIO",DIRECT,Active
18,TUESDAY,FTI,CL,BRANCH,CAPAS,MEGASAVER TARLAC,F4,4,"GALANO, DARIO",DIRECT,Active
19,WEDNESDAY & SATURDAY,FTI,MM,BRANCH,CASH & CARRY,ABENSON CIRCUIT MALL,F8,8,"SADIA, IAN",DIRECT,Active
19,WEDNESDAY,FTI,MM,BRANCH,CASH & CARRY,S&R CIRCUIT MAKATI,F4,4,"SADIA, IAN",DIRECT,Active
19,WEDNESDAY & SATURDAY,FTI,MM,BRANCH,CASH & CARRY,ANSONS CASH & CARRY,F8,8,"SADIA, IAN",DIRECT,Active
20,WEDNESDAY & SATURDAY,FTI,MM,BRANCH,COMMONWEALTH,ROBINSONS MONTALBAN,F8,8,"JACINTO, LAURO",DIRECT,Active
20,WEDNESDAY & SATURDAY,FTI,MM,BRANCH,COMMONWEALTH,ABENSON MONTALBAN,F8,8,"JACINTO, LAURO",DIRECT,Active
20,WEDNESDAY,FTI,MM,BRANCH,COMMONWEALTH,ABENSON PG FAIRVIEW,F4,4,"PANGILINAN, GIAN CARLO",DIRECT,Active
20,WEDNESDAY,FTI,MM,BRANCH,COMMONWEALTH,WESTERN COMMONWEALTH,F4,4,"PANGILINAN, GIAN CARLO",DIRECT,Active
20,WEDNESDAY & SATURDAY,FTI,MM,BRANCH,COMMONWEALTH,ABENSON EVER COMMONWEALTH,F8,8,"PANGILINAN, GIAN CARLO",DIRECT,Active
20,WEDNESDAY,FTI,MM,BRANCH,COMMONWEALTH,ABENSON CONGRESSIONAL,F4,4,"PANGILINAN, GIAN",DIRECT,Closed Branch
20,WEDNESDAY,FTI,MM,BRANCH,COMMONWEALTH,ABENSON WM JUNCTION,F4,4,"PANGILINAN, GIAN CARLO",DIRECT,Active
20,WEDNESDAY & SATURDAY,FTI,MM,BRANCH,COMMONWEALTH,SAVERS VISAYAS AVE,F8,8,"PANGILINAN, GIAN CARLO",DIRECT,Active
20,SATURDAY,FTI,MM,BRANCH,COMMONWEALTH,S&R COMMONWEALTH,F4,4,"PANGILINAN, GIAN CARLO",DIRECT,Active
20,SATURDAY,FTI,MM,BRANCH,COMMONWEALTH,S&R CONGRESSIONAL,F4,4,"PANGILINAN, GIAN CARLO",DIRECT,Active
21,MONDAY & THURSDAY,FTI,SL,BRANCH,DASMA,ABENSON V-CENTRAL KAWIT,F8,8,"ENCINARES, BON JOVI",DIRECT,Active
21,MONDAY,FTI,SL,BRANCH,DASMA,WESTERN KAWIT,F4,4,"ENCINARES, BON JOVI",DIRECT,Active but not Branch
21,MONDAY & THURSDAY,FTI,SL,BRANCH,DASMA,ROBINSONS GENERAL TRIAS,F8,8,"ENCINARES, BON JOVI",DIRECT,Active
21,MONDAY & THURSDAY,FTI,SL,BRANCH,DASMA,S&R GENERAL TRIAS,F8,8,"ENCINARES, BON JOVI",DIRECT,Active
21,MONDAY,FTI,SL,BRANCH,DASMA,ALLHOME KAWIT,F4,4,"ENCINARES, BON JOVI",DIRECT,Closed Branch
21,MONDAY,FTI,SL,BRANCH,DASMA,S&R KAWIT,F4,4,"ENCINARES, BON JOVI",DIRECT,Active
21,MONDAY,FTI,SL,BRANCH,DASMA,ABENSON PG TANZA,F4,4,"ENCINARES, BON JOVI",DIRECT,Active
21,MONDAY & THURSDAY,FTI,SL,BRANCH,DASMA,ABENSON NAIC,F8,8,"ENCINARES, BON JOVI",DIRECT,Active
21,MONDAY & THURSDAY,FTI,SL,BRANCH,DASMA,ABENSON WM NAIC,F8,8,"ENCINARES, BON JOVI",DIRECT,Active
21,MONDAY,FTI,SL,BRANCH,DASMA,ABENSON WM TRECE MARTIREZ,F4,4,"ENCINARES, BON JOVI",DIRECT,Active
21,MONDAY,FTI,SL,BRANCH,DASMA,ALLHOME TANZA,F4,4,"ENCINARES, BON JOVI",DIRECT,Closed Branch
21,MONDAY,FTI,SL,BRANCH,DASMA,ROBINSONS AGIMAT,F4,4,"ENCINARES, BON JOVI",DIRECT,Closed Branch
21,MONDAY & THURSDAY,FTI,SL,BRANCH,DASMA,ABENSON WM GENERAL TRIAS,F8,8,"ENCINARES, BON JOVI",DIRECT,Active
22,TUESDAY,FTI,CL,BRANCH,DAU,ADDESSA MABALACAT,F4,4,"GALANO, DARIO",DIRECT,Closed Branch
22,TUESDAY,FTI,CL,BRANCH,DAU,SAVERS MABALACAT,F4,4,"GALANO, DARIO",DIRECT,Active
22,TUESDAY,FTI,CL,BRANCH,DAU,ABENSON WM MABALACAT,F4,4,"GALANO, DARIO",DIRECT,Active
22,TUESDAY,FTI,CL,BRANCH,DAU,MEGASAVER DAU,F4,4,"GALANO, DARIO",DIRECT,Active
22,TUESDAY,FTI,CL,BRANCH,DAU,S&R DAU,F4,4,"GALANO, DARIO",DIRECT,Active
22,TUESDAY,FTI,CL,BRANCH,DAU,ADDESSA MAGALANG,F4,4,"GALANO, DARIO",DIRECT,Closed Branch
22,TUESDAY,FTI,CL,BRANCH,DAU,MEGASAVER MAGALANG,F4,4,"GALANO, DARIO",DIRECT,Active
23,SATURDAY,FTI,MM,DC,EASTWOOD,ABENSON PASIG ONLINE,F4,4,,DIRECT,
23,SATURDAY,FTI,MM,DC,EASTWOOD,ABENSON PASIG DEPOT,F4,4,,DIRECT,
23,SATURDAY,FTI,MM,BRANCH,EASTWOOD,S&R LIBIS,F4,4,"JACINTO, LAURO",DIRECT,Active
23,SATURDAY,FTI,MM,BRANCH,EASTWOOD,ABENSON AC EASTWOOD,F4,4,"ANTIPALA, LOUIECENCIO",DIRECT,Closed Branch
24,SATURDAY,FTI,MM,BRANCH,ERMITA,S&R PARANAQUE,F4,4,"MUŃOZ, RICHARD",DIRECT,Active
24,SATURDAY,FTI,MM,BRANCH,ERMITA,S&R ASEANA,F4,4,"SADIA, IAN",DIRECT,Active
24,SATURDAY,FTI,MM,BRANCH,ERMITA,MANG KOSME WAREHOUSE,F4,4,,DIRECT,
24,SATURDAY,FTI,MM,BRANCH,ERMITA,ROBINSONS ERMITA,F4,4,"HILARIO, ELIZALDE",DIRECT,Active
24,SATURDAY,FTI,MM,BRANCH,ERMITA,ABENSON RP ERMITA NEW,F4,4,"HILARIO, ELIZALDE",DIRECT,Active
25,MONDAY,FTI,MM,BRANCH,FAIRVIEW,WESTERN FAIRVIEW,F4,4,"PANGILINAN, GIAN CARLO",DIRECT,Active
25,MONDAY & THURSDAY,FTI,MM,BRANCH,FAIRVIEW,ABENSON FAIRVIEW TERRACES,F8,8,"PANGILINAN, GIAN CARLO",DIRECT,Active
25,MONDAY & THURSDAY,FTI,MM,BRANCH,FAIRVIEW,ROBINSONS SILANG CALOOCAN,F8,8,"PANGILINAN, GIAN CARLO",DIRECT,Active
25,MONDAY & THURSDAY,FTI,MM,BRANCH,FAIRVIEW,ROBINSONS NOVALICHES,F8,8,"PANGILINAN, GIAN CARLO",DIRECT,Active
25,MONDAY & THURSDAY,FTI,MM,BRANCH,FAIRVIEW,ROBINSONS REGALADO,F8,8,"PANGILINAN, GIAN CARLO",DIRECT,Active
25,MONDAY,FTI,MM,BRANCH,FAIRVIEW,SAVERS CALOOCAN,F4,4,"TABAGAN, ARTHUR",DIRECT,Active
25,MONDAY,FTI,MM,BRANCH,FAIRVIEW,SAVERS SOUTH CALOOCAN,F4,4,"HILARIO, ELIZALDE",DIRECT,Active
25,MONDAY,FTI,CL,BRANCH,FAIRVIEW,ABENSON WM ALTARAZA,F4,4,"TABAGAN, ARTHUR",DIRECT,Active
25,MONDAY,FTI,CL,BRANCH,FAIRVIEW,MEGASAVER SAN JOSE DEL MONTE,F4,4,"CUNANAN, JERALD",DIRECT,Active
25,MONDAY,FTI,CL,BRANCH,FAIRVIEW,ALLHOME SJDM BULACAN,F4,4,"ANTIPALA, LOUIECENCIO",DIRECT,Closed Branch
25,MONDAY,FTI,MM,OTHERS,FAIRVIEW,DUINUS,F4,4,,DIRECT,
25,MONDAY,FTI,MM,BRANCH,FAIRVIEW,AV SURFER FAIRVIEW,F4,4,,DIRECT,
25,THURSDAY,FTI,MM,BRANCH,FAIRVIEW,ABENSON KAI MALL CALOOCAN,F1,1,"PANGILINAN, GIAN CARLO",DIRECT,Active
26,WEDNESDAY & SATURDAY,FTI,MM,BRANCH,FILINVEST,ANSONS ALABANG,F8,8,"ALBERTO, JOEY",DIRECT,Active
26,WEDNESDAY,FTI,MM,BRANCH,FILINVEST,ABENSON AC ALABANG TOWN CENTER,F4,4,"ALBERTO, JOEY",DIRECT,Active
26,WEDNESDAY,FTI,MM,BRANCH,FILINVEST,S&R ALABANG,F4,4,"ALBERTO, JOEY",DIRECT,Active
26,WEDNESDAY,FTI,MM,BRANCH,FILINVEST,ABENSON ALABANG MADRIGAL,F4,4,"ALBERTO, JOEY",DIRECT,Active
26,WEDNESDAY,FTI,MM,BRANCH,FILINVEST,ROBINSONS FESTIVAL,F4,4,"ALBERTO, JOEY",DIRECT,Active
26,WEDNESDAY,FTI,MM,BRANCH,FILINVEST,ANSONS FILINVEST,F4,4,"ALBERTO, JOEY",DIRECT,Active
26,WEDNESDAY & SATURDAY,FTI,MM,BRANCH,FILINVEST,ABENSON FILINVEST,F8,8,"ALBERTO, JOEY",DIRECT,Active
26,WEDNESDAY,FTI,MM,BRANCH,FILINVEST,ABENSON AC FESTIVAL MALL,F4,4,"ALBERTO, JOEY",DIRECT,Closed Branch
26,WEDNESDAY,FTI,MM,BRANCH,FILINVEST,WESTERN FESTIVAL,F4,4,"ALBERTO, JOEY",DIRECT,Active
27,THURSDAY,FTI,CL,BRANCH,GAPAN,MEGASAVER SAN MIGUEL,F4,4,"LIWAG, CHRISTOPHER ALLEN",DIRECT,Active
27,THURSDAY,FTI,CL,BRANCH,GAPAN,ROBINSONS GAPAN,F4,4,"LIWAG, CHRISTOPHER ALLEN",DIRECT,Active
27,THURSDAY,FTI,CL,BRANCH,GAPAN,ADDESSA GAPAN,F4,4,"HILARIO, ELIZALDE",DIRECT,Closed Branch
27,THURSDAY,FTI,CL,ASC,GAPAN,APPLETRONICS GAPAN,F4,4,,DIRECT,
27,THURSDAY,FTI,CL,ASC,GAPAN,OGR,F4,4,,DIRECT,
27,THURSDAY,FTI,CL,BRANCH,GAPAN,IMPERIAL GAPAN,F4,4,"LIWAG, CHRISTOPHER ALLEN",DIRECT,Active
27,THURSDAY,FTI,CL,BRANCH,GAPAN,MEGASAVER GAPAN,F4,4,"LIWAG, CHRISTOPHER ALLEN",DIRECT,Active
27,THURSDAY,FTI,CL,BRANCH,GAPAN,ABENSON WM GAPAN,F4,4,"LIWAG, CHRISTOPHER ALLEN",DIRECT,Active
28,SATURDAY,FTI,NL,BRANCH,ILOCOS NORTE,MAGIC LAOAG,F2,2,"OPEŃA, JR., ROLANDO",DIRECT,Active
28,SATURDAY,FTI,NL,BRANCH,ILOCOS NORTE,ADDESSA LAOAG,F2,2,"OPEŃA, JR., ROLANDO",DIRECT,Closed Branch
28,SATURDAY,FTI,NL,BRANCH,ILOCOS NORTE,ABENSON PG LAOAG,F2,2,"OPEŃA, JR., ROLANDO",DIRECT,Active
28,SATURDAY,FTI,NL,BRANCH,ILOCOS NORTE,ROBINSONS LAOAG,F2,2,"OPEŃA, JR., ROLANDO",DIRECT,Active
28,SATURDAY,FTI,NL,BRANCH,ILOCOS NORTE,ABENSON SAN NICOLAS,F2,2,"OPEŃA, JR., ROLANDO",DIRECT,Active
28,SATURDAY,FTI,NL,ASC,ILOCOS NORTE,CENTRAL REPUBLIC SAN NICOLAS,F2,2,,DIRECT,
28,SATURDAY,FTI,NL,BRANCH,ILOCOS NORTE,MAGIC BATAC,F2,2,"OPEŃA, JR., ROLANDO",DIRECT,To be Closed
29,FRIDAY,FTI,NL,BRANCH,ILOCOS SUR,MAGIC TAGUDIN,F2,2,"OPEŃA, JR., ROLANDO",DIRECT,Active
29,FRIDAY,FTI,NL,BRANCH,ILOCOS SUR,CSI CANDON,F2,2,"OPEŃA, JR., ROLANDO",DIRECT,Active
29,FRIDAY,FTI,NL,BRANCH,ILOCOS SUR,MAGIC CANDON,F2,2,"OPEŃA, JR., ROLANDO",DIRECT,Active
29,FRIDAY,FTI,NL,BRANCH,ILOCOS SUR,MAGIC CABUGAO,F2,2,"OPEŃA, JR., ROLANDO",DIRECT,Active
29,FRIDAY,FTI,NL,BRANCH,ILOCOS SUR,MAGIC NARVACAN,F2,2,"OPEŃA, JR., ROLANDO",DIRECT,Active
29,FRIDAY,FTI,NL,BRANCH,ILOCOS SUR,MAGIC ABRA,F2,2,"OPEŃA, JR., ROLANDO",DIRECT,Active
29,FRIDAY,FTI,NL,ASC,ILOCOS SUR,TECHNOMAGIC NARVACAN,F2,2,,DIRECT,
29,FRIDAY,FTI,NL,BRANCH,ILOCOS SUR,MAGIC BANTAY,F2,2,"OPEŃA, JR., ROLANDO",DIRECT,Active
29,FRIDAY,FTI,NL,BRANCH,ILOCOS SUR,MEGASAVER VIGAN,F2,2,"OPEŃA, JR., ROLANDO",DIRECT,Active
29,FRIDAY,FTI,NL,BRANCH,ILOCOS SUR,ROBINSONS VIGAN,F2,2,"OPEŃA, JR., ROLANDO",DIRECT,Active
30,MONDAY,FTI,SL,BRANCH,IMUS,ABENSON PG BACOOR,F4,4,"MUŃOZ, RICHARD",DIRECT,Active
30,MONDAY,FTI,SL,BRANCH,IMUS,ABENSON LOTUS IMUS,F4,4,"ENCINARES, BON JOVI",DIRECT,Active
30,MONDAY,FTI,SL,ASC,IMUS,ESPINEDA,F4,4,,DIRECT,
30,MONDAY,FTI,SL,BRANCH,IMUS,S&R IMUS,F4,4,"ENCINARES, BON JOVI",DIRECT,Active
30,MONDAY & THURSDAY,FTI,SL,BRANCH,IMUS,ABENSON RP IMUS,F8,8,"ENCINARES, BON JOVI",DIRECT,Active
30,MONDAY,FTI,SL,BRANCH,IMUS,ROBINSONS IMUS,F4,4,"ENCINARES, BON JOVI",DIRECT,Active
30,MONDAY,FTI,SL,BRANCH,IMUS,ABENSON PG ANABU,F4,4,"ENCINARES, BON JOVI",DIRECT,Active
30,MONDAY,FTI,SL,BRANCH,IMUS,WESTERN IMUS,F4,4,"ENCINARES, BON JOVI",DIRECT,Active
31,THURSDAY,FTI,NL,BRANCH,ISABELA,MEGASAVER SANTIAGO,F2,2,"QUINAGORAN, OLIVER",DIRECT,Active
31,THURSDAY,FTI,NL,BRANCH,ISABELA,MAGIC SANTIAGO,F2,2,"QUINAGORAN, OLIVER",DIRECT,Active
31,THURSDAY,FTI,NL,BRANCH,ISABELA,ADDESSA SANTIAGO,F2,2,"JAMIAS, ERIC",DIRECT,Closed Branch
31,THURSDAY,FTI,NL,ASC,ISABELA,JK ISABELA,F2,2,,DIRECT,
31,THURSDAY,FTI,NL,ASC,ISABELA,ADDESSA CAUAYAN,F2,2,"JAMIAS, ERIC",DIRECT,Closed Branch
31,THURSDAY,FTI,NL,BRANCH,ISABELA,ABENSON SANTIAGO ISABELA,F2,2,"QUINAGORAN, OLIVER",DIRECT,Active
31,THURSDAY,FTI,NL,BRANCH,ISABELA,ROBINSONS ISABELA,F2,2,"QUINAGORAN, OLIVER",DIRECT,Active
31,THURSDAY,FTI,NL,BRANCH,ISABELA,MEGASAVER CAUAYAN ISABELA,F2,2,"QUINAGORAN, OLIVER",DIRECT,Active
31,THURSDAY,FTI,NL,BRANCH,ISABELA,MAGIC ILAGAN,F2,2,"QUINAGORAN, OLIVER",DIRECT,Active
31,THURSDAY,FTI,NL,BRANCH,ISABELA,MEGASAVER ILAGAN ISABELA,F2,2,"QUINAGORAN, OLIVER",DIRECT,Active
31,THURSDAY,FTI,NL,BRANCH,ISABELA,SAVERS ILAGAN,F2,2,"QUINAGORAN, OLIVER",DIRECT,Active
31,THURSDAY,FTI,NL,ASC,ISABELA,COOL AIDE CAUAYAN,F2,2,,DIRECT,
32,FRIDAY,FTI,NL,BRANCH,LA UNION,TIONGSAN ROSARIO,F4,4,"OPEŃA, JR., ROLANDO",DIRECT,Active
32,FRIDAY,FTI,NL,BRANCH,LA UNION,CSI AGOO,F4,4,"BESO, GRANNY REY",DIRECT,Active
32,FRIDAY,FTI,NL,BRANCH,LA UNION,MAGIC AGOO,F4,4,"BESO, GRANNY REY",DIRECT,Active
32,FRIDAY,FTI,NL,BRANCH,LA UNION,MAGIC BAUANG LA UNION,F4,4,"BESO, GRANNY REY",DIRECT,Active
32,FRIDAY,FTI,NL,ASC,LA UNION,TECHNOMAGIC BAUANG,F4,4,,DIRECT,
32,FRIDAY,FTI,NL,ASC,LA UNION,CENTRAL REPUBLIC LA UNION,F4,4,,DIRECT,
32,FRIDAY,FTI,NL,BRANCH,LA UNION,ADDESSA LA UNION,F4,4,"BESO, GRANNY REY",DIRECT,Closed Branch
32,FRIDAY,FTI,NL,BRANCH,LA UNION,ROBINSONS RP LA UNION,F4,4,"BESO, GRANNY REY",DIRECT,Active
32,FRIDAY,FTI,NL,BRANCH,LA UNION,MAGIC SAN FERNANDO LA UNION,F4,4,"BESO, GRANNY REY",DIRECT,Active
32,FRIDAY,FTI,NL,BRANCH,LA UNION,CSI LA UNION,F4,4,"BESO, GRANNY REY",DIRECT,Active
32,FRIDAY,FTI,NL,BRANCH,LA UNION,MEGASAVER SAN FERNANDO LA UNION,F4,4,"BESO, GRANNY REY",DIRECT,Active
33,WEDNESDAY,FTI,MM,ASC,LAS PINAS,MPC,F4,4,,DIRECT,
33,WEDNESDAY,FTI,MM,BRANCH,LAS PINAS,ABENSON WM BICUTAN,F4,4,"ALBERTO, JOEY",DIRECT,Active
33,WEDNESDAY & SATURDAY,FTI,MM,BRANCH,LAS PINAS,ABENSON WM MUNTINLUPA,F8,8,"ALBERTO, JOEY",DIRECT,Active
33,WEDNESDAY,FTI,MM,BRANCH,LAS PINAS,ABENSON JAKA SUCAT,F4,4,"MUŃOZ, RICHARD",DIRECT,Active
33,WEDNESDAY,FTI,MM,BRANCH,LAS PINAS,S&R SUCAT,F4,4,"MUŃOZ, RICHARD",DIRECT,Active
33,WEDNESDAY,FTI,MM,BRANCH,LAS PINAS,ABENSON WM SUCAT,F4,4,"MUŃOZ, RICHARD",DIRECT,Active
33,WEDNESDAY,FTI,MM,BRANCH,LAS PINAS,ROBINSONS LAS PINAS,F4,4,"MUŃOZ, RICHARD",DIRECT,Active
33,WEDNESDAY,FTI,MM,BRANCH,LAS PINAS,ABENSON LAS PINAS,F4,4,"MUŃOZ, RICHARD",DIRECT,Active
33,WEDNESDAY,FTI,MM,BRANCH,LAS PINAS,WESTERN LAS PINAS,F4,4,"MUŃOZ, RICHARD",DIRECT,Active but not Branch
33,WEDNESDAY,FTI,MM,BRANCH,LAS PINAS,S&R DC MAIN,F4,4,C/O AE,DIRECT,Active but not Branch
34,MONDAY,FTI,SL,BRANCH,LIPA,ABENSON WM NASUGBU,F4,4,"LEVITA, RANDY",DIRECT,Active
34,MONDAY & THURSDAY,FTI,SL,BRANCH,LIPA,ABENSON WM BALAYAN,F8,8,"LEVITA, RANDY",DIRECT,Active
34,MONDAY & THURSDAY,FTI,SL,BRANCH,LIPA,ROBINSONS LEMERY,F8,8,"LEVITA, RANDY",DIRECT,Active
34,MONDAY & THURSDAY,FTI,SL,BRANCH,LIPA,ABENSON WM TANAUAN,F8,8,"LEVITA, RANDY",DIRECT,Active
34,MONDAY,FTI,SL,BRANCH,LIPA,ABENSON LIPA,F4,4,"LEVITA, RANDY",DIRECT,Active
34,MONDAY & THURSDAY,FTI,SL,BRANCH,LIPA,ROBINSONS LIPA,F8,8,"LEVITA, RANDY",DIRECT,Active
34,THURSDAY,FTI,MM,BRANCH,LIPA,S&R LIPA,F4,4,"LEVITA, RANDY",DIRECT,Active
35,MONDAY,FTI,SL,BRANCH,LUCENA,ABENSON WM CANDELARIA,F4,4,"LEVITA, RANDY",DIRECT,Active
35,MONDAY,FTI,SL,BRANCH,LUCENA,S&R LUCENA,F4,4,"LEVITA, RANDY",DIRECT,Active
35,MONDAY,FTI,SL,BRANCH,LUCENA,METRO LUCENA,F4,4,"LEVITA, RANDY",DIRECT,Active
35,MONDAY,FTI,SL,BRANCH,LUCENA,ABENSON LUCENA,F4,4,"LEVITA, RANDY",DIRECT,Active
35,MONDAY,FTI,SL,ASC,LUCENA,VIEWERS,F4,4,,DIRECT,
35,MONDAY,FTI,SL,ASC,LUCENA,OLED,F4,4,,DIRECT,
35,MONDAY,FTI,SL,BRANCH,LUCENA,IMPERIAL LUCENA,F4,4,"LEVITA, RANDY",DIRECT,Active
35,MONDAY,FTI,SL,BRANCH,LUCENA,IMPERIAL LUCENA DOS,F4,4,"LEVITA, RANDY",DIRECT,Active
35,MONDAY,FTI,SL,BRANCH,LUCENA,ALSONS LUCENA,F4,4,"LEVITA, RANDY",DIRECT,Active
36,WEDNESDAY,FTI,MM,BRANCH,MAKATI,WESTERN MAKATI,F4,4,"SADIA, IAN",DIRECT,Active
36,WEDNESDAY,FTI,MM,BRANCH,MAKATI,ABENSON AC GLORIETTA 1,F4,4,"SADIA, IAN",DIRECT,Active
36,WEDNESDAY,FTI,MM,BRANCH,MAKATI,ABENSON GLORIETTA,F4,4,"SADIA, IAN",DIRECT,Active
36,WEDNESDAY,FTI,MM,BRANCH,MAKATI,ABENSON ONE AYALA MAKATI,F4,4,"SADIA, IAN",DIRECT,Active
36,WEDNESDAY & SATURDAY,FTI,MM,BRANCH,MAKATI,ANSONS NEW MAKATI,F8,8,"SADIA, IAN",DIRECT,Active
36,WEDNESDAY,FTI,MM,BRANCH,MAKATI,AV SURFER GLORIETTA,F4,4,,DIRECT,
37,FRIDAY,FTI,NL,BRANCH,MANGALDAN,CSI MANAOAG,F4,4,"BESO, GRANNY REY",DIRECT,Active
37,FRIDAY,FTI,NL,BRANCH,MANGALDAN,MAGIC MANAOAG,F4,4,"BESO, GRANNY REY",DIRECT,Active
37,FRIDAY,FTI,NL,BRANCH,MANGALDAN,MAGIC MANGALDAN,F4,4,"BESO, GRANNY REY",DIRECT,Active
37,FRIDAY,FTI,NL,BRANCH,MANGALDAN,ADDESSA MANGALDAN,F4,4,"BESO, GRANNY REY",DIRECT,Closed Branch
37,FRIDAY,FTI,NL,BRANCH,MANGALDAN,MAGIC NEPO MALL,F4,4,"CARANZA, JEFFREY",DIRECT,Active
37,FRIDAY,FTI,NL,BRANCH,MANGALDAN,CSI MARKET SQUARE,F4,4,"CARANZA, JEFFREY",DIRECT,Active
37,FRIDAY,FTI,NL,BRANCH,MANGALDAN,MAGIC ZAMORA,F4,4,"CARANZA, JEFFREY",DIRECT,Active
37,FRIDAY,FTI,NL,BRANCH,MANGALDAN,MAGIC TECHNO HUB,F4,4,"CARANZA, JEFFREY",DIRECT,Active
37,FRIDAY,FTI,NL,BRANCH,MANGALDAN,ADDESSA DAGUPAN,F4,4,"CARANZA, JEFFREY",DIRECT,Closed Branch
38,WEDNESDAY & SATURDAY,FTI,MM,BRANCH,MARIKINA,ABENSON ARVO MARIKINA,F8,8,"JACINTO, LAURO",DIRECT,Active
38,WEDNESDAY,FTI,MM,BRANCH,MARIKINA,S&R MARIKINA,F4,4,"JACINTO, LAURO",DIRECT,Active
38,WEDNESDAY & SATURDAY,FTI,MM,BRANCH,MARIKINA,ABENSON MASINAG,F8,8,"JACINTO, LAURO",DIRECT,Active
38,WEDNESDAY,FTI,MM,BRANCH,MARIKINA,ABENSON AYALA FELIZ,F4,4,"JACINTO, LAURO",DIRECT,Active
38,WEDNESDAY & SATURDAY,FTI,MM,BRANCH,MARIKINA,ABENSON CAINTA 2,F8,8,"JACINTO, LAURO",DIRECT,Active
38,WEDNESDAY,FTI,MM,BRANCH,MARIKINA,WESTERN STA. LUCIA,F4,4,"JACINTO, LAURO",DIRECT,Active
38,WEDNESDAY,FTI,MM,BRANCH,MARIKINA,ROBINSONS METROEAST,F4,4,"JACINTO, LAURO",DIRECT,Active
38,WEDNESDAY,FTI,MM,BRANCH,MARIKINA,ABENSON CAINTA 1,F4,4,"JACINTO, LAURO",DIRECT,To be Closed
38,WEDNESDAY,FTI,MM,BRANCH,MARIKINA,ROBINSONS LUCKY GOLD PLAZA,F4,4,"HILARIO, ELIZALDE",DIRECT,Active
38,WEDNESDAY & SATURDAY,FTI,MM,BRANCH,MARIKINA,ANSONS CAINTA,F8,8,"JACINTO, LAURO",DIRECT,Active
38,WEDNESDAY,FTI,MM,BRANCH,MARIKINA,ABENSON AC STA. LUCIA,F4,4,"JACINTO, LAURO",DIRECT,Closed Branch
38,WEDNESDAY,FTI,MM,BRANCH,MARIKINA,AV SURFER METRO EAST,F4,4,,DIRECT,
38,WEDNESDAY,FTI,MM,BRANCH,MARIKINA,AV SURFER STA. LUCIA,F4,4,,DIRECT,
38,WEDNESDAY,FTI,MM,DC,MARIKINA,ROBINSONS DC,F4,4,"JACINTO, LAURO",DIRECT,Active but not Branch
39,TUESDAY,FTI,CL,BRANCH,MARILAO,ROBINSONS MEYCAUAYAN,F4,4,"TABAGAN, ARTHUR",DIRECT,Active
39,TUESDAY & FRIDAY,FTI,CL,BRANCH,MARILAO,ABENSON MEYCAUAYAN,F8,8,"TABAGAN, ARTHUR",DIRECT,Active
39,TUESDAY,FTI,CL,BRANCH,MARILAO,ABENSON PG BOCAUE,F4,4,"TABAGAN, ARTHUR",DIRECT,Active
39,TUESDAY,FTI,CL,BRANCH,MARILAO,MEGASAVER STA. MARIA,F4,4,"CUNANAN, JERALD",DIRECT,Active
39,TUESDAY & FRIDAY,FTI,CL,BRANCH,MARILAO,ABENSON WM STA. MARIA,F8,8,"TABAGAN, ARTHUR",DIRECT,Active
39,TUESDAY,FTI,CL,BRANCH,MARILAO,ADDESSA STA. MARIA,F4,4,"ANTIPALA, LOUIECENCIO",DIRECT,Closed Branch
39,TUESDAY & FRIDAY,FTI,CL,BRANCH,MARILAO,ABENSON WM PLARIDEL,F8,8,"TABAGAN, ARTHUR",DIRECT,Active
39,TUESDAY & FRIDAY,FTI,CL,BRANCH,MARILAO,ABENSON WM GUIGUINTO,F8,8,"TABAGAN, ARTHUR",DIRECT,Active
39,TUESDAY,FTI,CL,BRANCH,MARILAO,SAVERS GUIGUINTO,F4,4,"TABAGAN, ARTHUR",DIRECT,Active
40,WEDNESDAY,FTI,MM,BRANCH,MEGAMALL,WESTERN MEGAMALL,F4,4,"SADIA, IAN",DIRECT,Active
40,WEDNESDAY & SATURDAY,FTI,MM,BRANCH,MEGAMALL,ANSONS PASIG,F8,8,"SADIA, IAN",DIRECT,Active
40,WEDNESDAY & SATURDAY,FTI,MM,BRANCH,MEGAMALL,ANSONS PASIG COMMON,F8,8,"SADIA, IAN",DIRECT,Active
40,WEDNESDAY & SATURDAY,FTI,MM,BRANCH,MEGAMALL,ALLHOME SHAW,F8,8,"SADIA, IAN",DIRECT,Closed Branch
40,WEDNESDAY,FTI,MM,BRANCH,MEGAMALL,S&R SHAW,F4,4,"SADIA, IAN",DIRECT,Active
40,WEDNESDAY,FTI,MM,BRANCH,MEGAMALL,ABENSON GALLERIA,F4,4,"HILARIO, ELIZALDE",DIRECT,Active
40,WEDNESDAY,FTI,MM,BRANCH,MEGAMALL,ROBINSONS GALLERIA,F4,4,"HILARIO, ELIZALDE",DIRECT,Active
40,WEDNESDAY,FTI,MM,BRANCH,MEGAMALL,ABENSON MADISON GREENHILLS,F4,4,"HILARIO, ELIZALDE",DIRECT,Active
40,WEDNESDAY,FTI,MM,BRANCH,MEGAMALL,WESTERN GREENHILLS,F4,4,"HILARIO, ELIZALDE",DIRECT,Active
40,WEDNESDAY & SATURDAY,FTI,MM,BRANCH,MEGAMALL,ANSONS GREENHILLS,F8,8,"SADIA, IAN",DIRECT,Active
41,MONDAY,FTI,MM,BRANCH,MORATO,WESTERN MORATO - ATTIVO,F4,4,C/O AE,DIRECT,Active but not Branch
41,MONDAY,FTI,MM,BRANCH,MORATO,WESTERN MORATO - MARKETING,F4,4,C/O AE,DIRECT,Active but not Branch
41,MONDAY,FTI,MM,BRANCH,MORATO,WESTERN MORATO - GRAND CENTRAL,F4,4,C/O AE,DIRECT,Active but not Branch
42,MONDAY,FTI,SL,BRANCH,PAGSANJAN,ROBINSONS CABUYAO,F4,4,"MUŃOZ, RICHARD",DIRECT,Active
42,MONDAY & THURSDAY,FTI,SL,BRANCH,PAGSANJAN,ABENSON WM CABUYAO,F8,8,"MUŃOZ, RICHARD",DIRECT,Active
42,MONDAY & THURSDAY,FTI,SL,BRANCH,PAGSANJAN,ROBINSONS CANLUBANG,F8,8,"MUŃOZ, RICHARD",DIRECT,Active
42,MONDAY,FTI,SL,BRANCH,PAGSANJAN,IMPERIAL CALAMBA,F4,4,"MUŃOZ, RICHARD",DIRECT,Active
42,MONDAY & THURSDAY,FTI,SL,BRANCH,PAGSANJAN,ABENSON WM MAKILING,F8,8,"MUŃOZ, RICHARD",DIRECT,Active
42,MONDAY,FTI,SL,BRANCH,PAGSANJAN,ABENSON OLIVAREZ LAGUNA,F4,4,"MUŃOZ, RICHARD",DIRECT,Active
42,MONDAY,FTI,SL,BRANCH,PAGSANJAN,ROBINSONS OLIVAREZ LAGUNA,F4,4,"MUŃOZ, RICHARD",DIRECT,Active
42,MONDAY,FTI,SL,BRANCH,PAGSANJAN,SAVERS STA. CRUZ,F4,4,"JACINTO, LAURO",DIRECT,Active
42,MONDAY,FTI,SL,BRANCH,PAGSANJAN,ROBINSONS PAGSANJAN,F4,4,"JACINTO, LAURO",DIRECT,Active
43,TUESDAY,FTI,CL,BRANCH,PAMPANGA,IMPERIAL PAMPANGA,F4,4,"CUNANAN, JERALD",DIRECT,Active
43,TUESDAY,FTI,CL,ASC,PAMPANGA,ZM APPLIANCES,F4,4,,DIRECT,
43,TUESDAY,FTI,CL,BRANCH,PAMPANGA,MEGASAVER SINDALAN,F4,4,"CUNANAN, JERALD",DIRECT,Active
43,TUESDAY,FTI,CL,BRANCH,PAMPANGA,ALLHOME PAMPANGA,F4,4,"CUNANAN, JERALD",DIRECT,Closed Branch
43,TUESDAY,FTI,CL,BRANCH,PAMPANGA,ADDESSA SINDALAN,F4,4,"CUNANAN, JERALD",DIRECT,Closed Branch
43,TUESDAY,FTI,CL,BRANCH,PAMPANGA,ABENSON WM SAN FERNANDO,F4,4,"CUNANAN, JERALD",DIRECT,Active
43,TUESDAY,FTI,CL,BRANCH,PAMPANGA,SAVERS SAN FERNANDO,F4,4,"CUNANAN, JERALD",DIRECT,Active
43,TUESDAY,FTI,CL,BRANCH,PAMPANGA,MEGASAVER GUAGUA,F4,4,"CUNANAN, JERALD",DIRECT,Active
44,TUESDAY,FTI,CL,BRANCH,PANIQUI,ABENSON WM CONCEPCION TARLAC,F4,4,"GALANO, DARIO",DIRECT,Active
44,TUESDAY,FTI,CL,BRANCH,PANIQUI,ADDESSA CONCEPCION TARLAC,F4,4,"GALANO, DARIO",DIRECT,Closed Branch
44,TUESDAY,FTI,CL,BRANCH,PANIQUI,MEGASAVER CONCEPCION,F4,4,"GALANO, DARIO",DIRECT,Active
44,TUESDAY,FTI,CL,BRANCH,PANIQUI,MEGASAVER PANIQUI PRIME,F4,4,"GALANO, DARIO",DIRECT,Active
44,TUESDAY,FTI,CL,BRANCH,PANIQUI,MAGIC PANIQUI,F4,4,"GALANO, DARIO",DIRECT,Closed Branch
44,TUESDAY,FTI,CL,BRANCH,PANIQUI,MEGASAVER PANIQUI,F4,4,"GALANO, DARIO",DIRECT,Active
44,TUESDAY,FTI,CL,BRANCH,PANIQUI,MEGASAVER CAMILING,F4,4,"GALANO, DARIO",DIRECT,Active
45,WEDNESDAY,FTI,MM,BRANCH,PASONG TAMO,ANSONS PASONG TAMO,F4,4,"SADIA, IAN",DIRECT,Active
45,WEDNESDAY,FTI,MM,BRANCH,PASONG TAMO,ABENSON WM MAKATI,F4,4,"SADIA, IAN",DIRECT,Active
45,WEDNESDAY & SATURDAY,FTI,MM,BRANCH,PASONG TAMO,ANSONS LM MAKATI,F8,8,"SADIA, IAN",DIRECT,Active
46,WEDNESDAY,FTI,MM,BRANCH,QC,ABENSON FARMERS PLAZA,F4,4,"ALBERTO, JOEY",DIRECT,Active
46,WEDNESDAY,FTI,MM,BRANCH,QC,ABENSON AC ALIMALL,F4,4,"ALBERTO, JOEY",DIRECT,Active
46,WEDNESDAY,FTI,MM,BRANCH,QC,WESTERN FARMER'S PLAZA,F4,4,"ALBERTO, JOEY",DIRECT,Active
46,WEDNESDAY,FTI,MM,BRANCH,QC,ABENSON AC GATEWAY,F4,4,"ALBERTO, JOEY",DIRECT,Active
46,WEDNESDAY,FTI,MM,BRANCH,QC,ROBINSONS GATEWAY,F4,4,"ALBERTO, JOEY",DIRECT,Active
46,WEDNESDAY,FTI,MM,BRANCH,QC,ROBINSONS MAGNOLIA,F4,4,"HILARIO, ELIZALDE",DIRECT,Active
46,WEDNESDAY,FTI,MM,BRANCH,QC,ABENSON PG E. RODRIGUEZ,F4,4,"HILARIO, ELIZALDE",DIRECT,Active
46,WEDNESDAY,FTI,MM,BRANCH,QC,ABENSON WM E RODRIGUEZ,F4,4,"HILARIO, ELIZALDE",DIRECT,Active
46,WEDNESDAY,FTI,MM,BRANCH,QC,S&R NEW MANILA,F4,4,"HILARIO, ELIZALDE",DIRECT,Active
46,WEDNESDAY & SATURDAY,FTI,MM,BRANCH,QC,WESTERN P. TUAZON,F8,8,"ALBERTO, JOEY",DIRECT,Active
47,FRIDAY,FTI,NL,BRANCH,SAN CARLOS,MAGIC BAYAMBANG,F4,4,"CARANZA, JEFFREY",DIRECT,Active
47,FRIDAY,FTI,NL,ASC,SAN CARLOS,TECHMAGIC BAYAMBANG,F4,4,,DIRECT,
47,FRIDAY,FTI,NL,BRANCH,SAN CARLOS,MAGIC MALASIQUI,F4,4,"CARANZA, JEFFREY",DIRECT,Active
47,FRIDAY,FTI,NL,BRANCH,SAN CARLOS,CSI SAN CARLOS,F4,4,"CARANZA, JEFFREY",DIRECT,Active
47,FRIDAY,FTI,NL,BRANCH,SAN CARLOS,ADDESSA SAN CARLOS,F4,4,"DE GUZMAN, JEFFERSON",DIRECT,Closed Branch
47,FRIDAY,FTI,NL,BRANCH,SAN CARLOS,MAGIC SAN CARLOS 2,F4,4,"CARANZA, JEFFREY",DIRECT,Active
47,FRIDAY,FTI,NL,BRANCH,SAN CARLOS,MAGIC SAN CARLOS,F4,4,"CARANZA, JEFFREY",DIRECT,Active
47,FRIDAY,FTI,NL,ASC,SAN CARLOS,TECHNOMAGIC SAN CARLOS,F4,4,,DIRECT,
47,FRIDAY,FTI,NL,BRANCH,SAN CARLOS,ADDESSA MANGATAREM,F4,4,"CARANZA, JEFFREY",DIRECT,Closed Branch
47,FRIDAY,FTI,NL,BRANCH,SAN CARLOS,MAGIC MANGATAREM,F4,4,"CARANZA, JEFFREY",DIRECT,Active
48,THURSDAY,FTI,CL,BRANCH,SAN JOSE,MEGASAVER GUIMBA,F4,4,"LIWAG, CHRISTOPHER ALLEN",DIRECT,Active
48,THURSDAY,FTI,CL,ASC,SAN JOSE,EDJAY GUIMBA,F4,4,,DIRECT,
48,THURSDAY,FTI,CL,BRANCH,SAN JOSE,MEGASAVER SAN JOSE,F4,4,"LIWAG, CHRISTOPHER ALLEN",DIRECT,Active
48,THURSDAY,FTI,CL,ASC,SAN JOSE,ENZO SAN JOSE,F4,4,,DIRECT,
48,THURSDAY,FTI,CL,BRANCH,SAN JOSE,MAGIC SAN JOSE,F4,4,"LIWAG, CHRISTOPHER ALLEN",DIRECT,Active
48,THURSDAY,FTI,CL,BRANCH,SAN JOSE,ABENSON WM SAN JOSE,F4,4,"LIWAG, CHRISTOPHER ALLEN",DIRECT,Active
48,THURSDAY,FTI,CL,BRANCH,SAN JOSE,ADDESSA SAN JOSE,F4,4,"HILARIO, ELIZALDE",DIRECT,Closed Branch
48,THURSDAY,FTI,CL,ASC,SAN JOSE,APPLETRONICS SAN JOSE,F4,4,,DIRECT,
48,THURSDAY,FTI,CL,ASC,SAN JOSE,MTC SAN JOSE,F4,4,,DIRECT,
48,THURSDAY,FTI,CL,BRANCH,SAN JOSE,ROBINSONS BALER,F4,4,"LIWAG, CHRISTOPHER ALLEN",DIRECT,Active
48,THURSDAY,FTI,CL,ASC,SAN JOSE,EDJAY BALER,F4,4,,DIRECT,
49,MONDAY,FTI,SL,BRANCH,SAN PABLO,S&R STO. TOMAS,F4,4,"LEVITA, RANDY",DIRECT,Active
49,MONDAY,FTI,SL,ASC,SAN PABLO,GLACIAL-K STO. TOMAS,F4,4,,DIRECT,
49,MONDAY,FTI,SL,BRANCH,SAN PABLO,IMPERIAL SAN PABLO,F4,4,"LEVITA, RANDY",DIRECT,Active
49,MONDAY,FTI,SL,BRANCH,SAN PABLO,ABENSON SAN PABLO,F4,4,"LEVITA, RANDY",DIRECT,Active
49,MONDAY,FTI,SL,BRANCH,SAN PABLO,MEGASAVER SAN PABLO,F4,4,"LEVITA, RANDY",DIRECT,Active
50,MONDAY & THURSDAY,FTI,SL,BRANCH,STA. ROSA,ANSONS NUVALI,F8,8,"MUŃOZ, RICHARD",DIRECT,Active
50,MONDAY,FTI,SL,BRANCH,STA. ROSA,S&R NUVALI,F4,4,"MUŃOZ, RICHARD",DIRECT,Active
50,MONDAY,FTI,SL,BRANCH,STA. ROSA,ALLHOME STA. ROSA,F4,4,"MUŃOZ, RICHARD",DIRECT,Closed Branch
50,MONDAY,FTI,SL,BRANCH,STA. ROSA,ABENSON WM STA. ROSA,F4,4,"MUŃOZ, RICHARD",DIRECT,Active
50,MONDAY,FTI,SL,ASC,STA. ROSA,PSD STA. ROSA,F4,4,,DIRECT,
50,MONDAY,FTI,SL,BRANCH,STA. ROSA,ABENSON BALIBAGO,F4,4,"MUŃOZ, RICHARD",DIRECT,Closed Branch
51,TUESDAY,FTI,CL,BRANCH,SUBIC,ABENSON WM SUBIC,F4,4,"CUNANAN, JERALD",DIRECT,Active
51,TUESDAY,FTI,NL,BRANCH,SUBIC,ROBINSONS IBA ZAMBALES,F4,4,"CUNANAN, JERALD",DIRECT,Active
51,TUESDAY,FTI,NL,BRANCH,SUBIC,CSI ZAMBALES,F4,4,"CUNANAN, JERALD",DIRECT,Active
51,TUESDAY,FTI,CL,ASC,SUBIC,AAC BOTOLAN,F4,4,,DIRECT,
51,TUESDAY,FTI,CL,BRANCH,SUBIC,ABENSON SUBIC,F4,4,"CUNANAN, JERALD",DIRECT,Active
51,TUESDAY,FTI,CL,BRANCH,SUBIC,AV SURFER SUBIC,F4,4,,DIRECT,
51,TUESDAY,FTI,CL,BRANCH,SUBIC,MEGASAVER OLONGAPO,F4,4,"CUNANAN, JERALD",DIRECT,Active
51,TUESDAY,FTI,CL,BRANCH,SUBIC,SAVERS OLONGAPO,F4,4,"CUNANAN, JERALD",DIRECT,Active
51,TUESDAY,FTI,CL,ASC,SUBIC,JVD,F4,4,,DIRECT,
52,MONDAY & THURSDAY,FTI,SL,BRANCH,TAGAYTAY,ABENSON TAGAYTAY SERIN,F8,8,"ENCINARES, BON JOVI",DIRECT,Active
52,MONDAY & THURSDAY,FTI,SL,BRANCH,TAGAYTAY,ROBINSONS TAGAYTAY,F8,8,"ENCINARES, BON JOVI",DIRECT,Active
52,MONDAY,FTI,SL,BRANCH,TAGAYTAY,ROBINSONS SILANG,F4,4,"ENCINARES, BON JOVI",DIRECT,Active
52,MONDAY,FTI,SL,BRANCH,TAGAYTAY,ABENSON WM SILANG,F4,4,"ENCINARES, BON JOVI",DIRECT,Active
52,MONDAY,FTI,SL,BRANCH,TAGAYTAY,ALLHOME SILANG,F4,4,"ENCINARES, BON JOVI",DIRECT,Closed Branch
52,MONDAY & THURSDAY,FTI,SL,BRANCH,TAGAYTAY,ROBINSONS DASMARINAS,F8,8,"ENCINARES, BON JOVI",DIRECT,Active
52,MONDAY & THURSDAY,FTI,SL,BRANCH,TAGAYTAY,ABENSON WM DASMARINAS,F8,8,"ENCINARES, BON JOVI",DIRECT,Active
52,MONDAY,FTI,SL,BRANCH,TAGAYTAY,ABENSON GMA CAVITE,F4,4,"ENCINARES, BON JOVI",DIRECT,Active
53,WEDNESDAY,FTI,MM,BRANCH,TANAY,ABENSON WM TAYTAY,F4,4,"ALBERTO, JOEY",DIRECT,Active
53,WEDNESDAY,FTI,MM,BRANCH,TANAY,CENTRAL QUALITY TAYTAY,F4,4,"ALBERTO, JOEY",DIRECT,Active but not Branch
53,WEDNESDAY & SATURDAY,FTI,MM,BRANCH,TANAY,ABENSON PG TAYTAY,F8,8,"ALBERTO, JOEY",DIRECT,Active
53,WEDNESDAY,FTI,MM,BRANCH,TANAY,ABENSON PG BINANGONAN,F4,4,"JACINTO, LAURO",DIRECT,Active
53,WEDNESDAY & SATURDAY,FTI,MM,BRANCH,TANAY,ROBINSONS BINANGONAN,F8,8,"JACINTO, LAURO",DIRECT,Active
53,WEDNESDAY & SATURDAY,FTI,MM,BRANCH,TANAY,ABENSON PG TANAY,F8,8,"JACINTO, LAURO",DIRECT,Active
53,WEDNESDAY,FTI,MM,BRANCH,TANAY,ROBINSONS TANAY,F4,4,"JACINTO, LAURO",DIRECT,Active
54,WEDNESDAY,FTI,MM,BRANCH,THE FORT,ABENSON PG BUTING,F4,4,"SADIA, IAN",DIRECT,Active
54,WEDNESDAY,FTI,MM,BRANCH,THE FORT,WESTERN UPTOWN TAGUIG,F4,4,"SADIA, IAN",DIRECT,Active
54,WEDNESDAY & SATURDAY,FTI,MM,BRANCH,THE FORT,ANSONS BGC,F8,8,"SADIA, IAN",DIRECT,Active
54,WEDNESDAY,FTI,MM,BRANCH,THE FORT,S&R THE FORT,F4,4,"SADIA, IAN",DIRECT,Active
54,WEDNESDAY,FTI,MM,BRANCH,THE FORT,ABENSON FTI TAGUIG,F4,4,"ALBERTO, JOEY",DIRECT,Active
54,WEDNESDAY & SATURDAY,FTI,MM,BRANCH,THE FORT,ABENSON MARKET MARKET,F8,8,"SADIA, IAN",DIRECT,Active
54,WEDNESDAY & SATURDAY,FTI,MM,BRANCH,THE FORT,ABENSON AC MARKET-MARKET,F8,8,"SADIA, IAN",DIRECT,Active
54,WEDNESDAY,FTI,MM,BRANCH,THE FORT,METRO MARKET MARKET,F4,4,"SADIA, IAN",DIRECT,Active
54,WEDNESDAY,FTI,MM,BRANCH,THE FORT,ALLHOME TAGUIG,F4,4,"SADIA, IAN",DIRECT,Closed Branch
55,WEDNESDAY & SATURDAY,FTI,MM,BRANCH,TRINOMA,ABENSON AC SM NORTH EDSA,F8,8,"PANGILINAN, GIAN CARLO",DIRECT,Active
55,WEDNESDAY & SATURDAY,FTI,MM,BRANCH,TRINOMA,ABENSON SM NORTH EDSA,F8,8,"PANGILINAN, GIAN CARLO",DIRECT,Active
55,WEDNESDAY,FTI,MM,BRANCH,TRINOMA,ABENSON WM NORTH EDSA,F4,4,"TABAGAN, ARTHUR",DIRECT,Active
55,WEDNESDAY,FTI,MM,BRANCH,TRINOMA,WESTERN FISHERMALL,F4,4,"PANGILINAN, GIAN CARLO",DIRECT,Active
55,WEDNESDAY,FTI,MM,BRANCH,TRINOMA,ABENSON QUEZON AVE,F4,4,"PANGILINAN, GIAN CARLO",DIRECT,Active
55,WEDNESDAY,FTI,MM,BRANCH,TRINOMA,ABENSON AVANT TRINOMA,F4,4,"PANGILINAN, GIAN CARLO",DIRECT,To be Closed
55,WEDNESDAY,FTI,MM,BRANCH,TRINOMA,ABENSON AC TRINOMA,F4,4,"PANGILINAN, GIAN CARLO",DIRECT,Active
55,WEDNESDAY,FTI,MM,BRANCH,TRINOMA,WESTERN TRINOMA,F4,4,"PANGILINAN, GIAN CARLO",DIRECT,Active
55,WEDNESDAY,FTI,MM,BRANCH,TRINOMA,ANSONS TRINOMA,F4,4,"PANGILINAN, GIAN CARLO",DIRECT,Active
55,WEDNESDAY,FTI,MM,BRANCH,TRINOMA,ANSONS LM TRINOMA,F4,4,"PANGILINAN, GIAN CARLO",DIRECT,Active
55,WEDNESDAY,FTI,MM,BRANCH,TRINOMA,ANSONS LANDMARK TRINOMA M5,F4,4,"PANGILINAN, GIAN CARLO",DIRECT,Active
56,FRIDAY,FTI,NL,BRANCH,TUGUEGARAO,MAGIC BAMBANG,F2,2,"QUINAGORAN, OLIVER",DIRECT,To be Closed
56,FRIDAY,FTI,NL,BRANCH,TUGUEGARAO,ADDESSA SOLANO,F2,2,"JAMIAS, ERIC",DIRECT,Closed Branch
56,FRIDAY,FTI,NL,ASC,TUGUEGARAO,APPLETRONICS SOLANO,F2,2,,DIRECT,
56,FRIDAY,FTI,NL,ASC,TUGUEGARAO,SAM ELECTRONICS,F2,2,,DIRECT,
56,FRIDAY,FTI,NL,BRANCH,TUGUEGARAO,ROBINSONS TUGUEGARAO,F2,2,"QUINAGORAN, OLIVER",DIRECT,Active
56,FRIDAY,FTI,NL,ASC,TUGUEGARAO,COOL AIDE TUGUEGARAO,F2,2,,DIRECT,
56,FRIDAY,FTI,NL,BRANCH,TUGUEGARAO,SAVERS UGAC,F2,2,"QUINAGORAN, OLIVER",DIRECT,Active
56,FRIDAY,FTI,NL,BRANCH,TUGUEGARAO,MEGASAVER LUNA TUGUEGARAO,F2,2,"QUINAGORAN, OLIVER",DIRECT,Active
56,FRIDAY,FTI,NL,BRANCH,TUGUEGARAO,SAVERS LUNA,F2,2,"JAMIAS, ERIC",DIRECT,Closed Branch
57,FRIDAY,FTI,NL,BRANCH,URDANETA,MAGIC UMINGAN,F4,4,"BESO, GRANNY REY",DIRECT,To be Closed
57,FRIDAY,FTI,NL,BRANCH,URDANETA,MAGIC TAYUG,F4,4,"BESO, GRANNY REY",DIRECT,Active
57,FRIDAY,FTI,NL,BRANCH,URDANETA,CSI TAYUG,F4,4,"BESO, GRANNY REY",DIRECT,Active
57,FRIDAY,FTI,NL,BRANCH,URDANETA,MAGIC URDANETA,F4,4,"BESO, GRANNY REY",DIRECT,Active
57,FRIDAY,FTI,NL,BRANCH,URDANETA,MEGASAVER URDANETA,F4,4,"BESO, GRANNY REY",DIRECT,Active
57,FRIDAY,FTI,NL,BRANCH,URDANETA,MEGASAVER URDANETA 2,F4,4,"BESO, GRANNY REY",DIRECT,Active
57,FRIDAY,FTI,NL,ASC,URDANETA,TECHNOMAGIC URDANETA,F4,4,,DIRECT,
57,FRIDAY,FTI,NL,ASC,URDANETA,APPLETRONICS URDANETA,F4,4,,DIRECT,
57,FRIDAY,FTI,NL,BRANCH,URDANETA,ADDESSA URDANETA,F4,4,"BESO, GRANNY REY",DIRECT,Closed Branch
57,FRIDAY,FTI,NL,BRANCH,URDANETA,MAGIC POZORRUBIO,F4,4,"BESO, GRANNY REY",DIRECT,Active
58,SATURDAY,DIRECT/3PL PICK-UP,SL,BRANCH,MASBATE,ALSONS MASBATE,F4,4,"PAMA, REY JOSEPH",3PL,Active
58,SATURDAY,DIRECT/3PL PICK-UP,SL,BRANCH,MASBATE,DU EK SAM MILAGROS,F4,4,"PAMA, REY JOSEPH",3PL,Active
59,SATURDAY,DIRECT/DOL,SL,BRANCH,BICOL,ABENSON AYALA LEGASPI,F4,4,"PAMA, REY JOSEPH",3PL,Active
59,SATURDAY,DIRECT/DOL,SL,BRANCH,BICOL,ABENSON CBD NAGA,F4,4,"PAMA, REY JOSEPH",3PL,To be Closed
59,SATURDAY,DIRECT/DOL,SL,BRANCH,BICOL,ABENSON LCC IRIGA,F4,4,"PAMA, REY JOSEPH",3PL,Active
59,SATURDAY,DIRECT/DOL,SL,BRANCH,BICOL,ABENSON LCC NAGA OLD,F4,4,"PAMA, REY JOSEPH",3PL,Active
59,SATURDAY,DIRECT/DOL,SL,BRANCH,BICOL,ABENSON PACIFICMALL LEGASPI,F4,4,"PAMA, REY JOSEPH",3PL,Active
59,SATURDAY,DIRECT/DOL,SL,BRANCH,BICOL,ALLHOME NAGA,F4,4,"PAMA, REY JOSEPH",3PL,Closed Branch
59,SATURDAY,DIRECT/DOL,SL,BRANCH,BICOL,ALSONS DAET,F4,4,"PAMA, REY JOSEPH",3PL,Active
59,SATURDAY,DIRECT/DOL,SL,BRANCH,BICOL,ALSONS GOA,F4,4,"PAMA, REY JOSEPH",3PL,Active
59,SATURDAY,DIRECT/DOL,SL,BRANCH,BICOL,ALSONS LIBMANAN,F4,4,"PAMA, REY JOSEPH",3PL,Active
59,SATURDAY,DIRECT/DOL,SL,BRANCH,BICOL,ALSONS NAGA,F4,4,"PAMA, REY JOSEPH",3PL,Active
59,SATURDAY,DIRECT/DOL,SL,BRANCH,BICOL,ALSONS SIPOCOT,F4,4,"PAMA, REY JOSEPH",3PL,Active
59,SATURDAY,DIRECT/DOL,SL,BRANCH,BICOL,IMPERIAL LEGAZPI ALBAY,F4,4,"PAMA, REY JOSEPH",3PL,Closed Branch
59,SATURDAY,DIRECT/DOL,SL,BRANCH,BICOL,METRO LEGAZPI,F4,4,"PAMA, REY JOSEPH",3PL,Active
59,SATURDAY,DIRECT/DOL,SL,BRANCH,BICOL,ROBINSONS NAGA,F4,4,"PAMA, REY JOSEPH",3PL,Active
59,SATURDAY,DIRECT/DOL,SL,BRANCH,BICOL,S&R NAGA,F4,4,"PAMA, REY JOSEPH",3PL,Active
59,SATURDAY,DIRECT/DOL,SL,ASC,BICOL,WESERCO,F4,4,,3PL,
59,SATURDAY,DIRECT/DOL,SL,ASC,BICOL,ROSIN LEGAZPI,F4,4,,3PL,
59,SATURDAY,DIRECT/DOL,SL,ASC,BICOL,ROLL DAET,F4,4,,3PL,
59,SATURDAY,DIRECT/DOL,SL,ASC,BICOL,FUN IDEA EXTREME,F4,4,,3PL,
59,SATURDAY,DIRECT/DOL,SL,ASC,BICOL,NBJ NAGA,F4,4,,3PL,
59,SATURDAY,DIRECT/DOL,SL,ASC,BICOL,A. RECEBIDO,F4,4,,3PL,
59,SATURDAY,DIRECT/DOL,SL,BRANCH,BICOL,WILLY & SONS BULAN,F4,4,"PAMA, REY JOSEPH",3PL,Active
59,SATURDAY,DIRECT/DOL,SL,BRANCH,BICOL,WILLY & SONS DAET,F4,4,"PAMA, REY JOSEPH",3PL,Active
59,SATURDAY,DIRECT/DOL,SL,BRANCH,BICOL,WILLY & SONS DARAGA,F4,4,"PAMA, REY JOSEPH",3PL,Active
59,SATURDAY,DIRECT/DOL,SL,BRANCH,BICOL,WILLY & SONS GOA,F4,4,"PAMA, REY JOSEPH",3PL,Active
59,SATURDAY,DIRECT/DOL,SL,BRANCH,BICOL,WILLY & SONS IRIGA,F4,4,"PAMA, REY JOSEPH",3PL,Active
59,SATURDAY,DIRECT/DOL,SL,BRANCH,BICOL,WILLY & SONS LABO,F4,4,"PAMA, REY JOSEPH",3PL,Active
59,SATURDAY,DIRECT/DOL,SL,BRANCH,BICOL,WILLY & SONS LEGAZPI,F4,4,"PAMA, REY JOSEPH",3PL,Active
59,SATURDAY,DIRECT/DOL,SL,BRANCH,BICOL,WILLY & SONS LIGAO,F4,4,"PAMA, REY JOSEPH",3PL,Active
59,SATURDAY,DIRECT/DOL,SL,BRANCH,BICOL,WILLY & SONS NAGA,F4,4,"PAMA, REY JOSEPH",3PL,Active
59,SATURDAY,DIRECT/DOL,SL,BRANCH,BICOL,WILLY & SONS PIODURAN,F4,4,"PAMA, REY JOSEPH",3PL,Active
59,SATURDAY,DIRECT/DOL,SL,BRANCH,BICOL,WILLY & SONS POLANGUI,F4,4,"PAMA, REY JOSEPH",3PL,Active
59,SATURDAY,DIRECT/DOL,SL,BRANCH,BICOL,WILLY & SONS SORSOGON,F4,4,"PAMA, REY JOSEPH",3PL,Active
59,SATURDAY,DIRECT/DOL,SL,BRANCH,BICOL,WILLY & SONS PILI,F4,4,"PAMA, REY JOSEPH",3PL,Active
59,SATURDAY,DIRECT/DOL,SL,BRANCH,BICOL,WILLY & SONS GUINOBATAN,F4,4,"PAMA, REY JOSEPH",3PL,Active
59,SATURDAY,DIRECT/DOL,SL,BRANCH,BICOL,WILLY & SONS MASBATE,F4,4,"PAMA, REY JOSEPH",3PL,Active
59,SATURDAY,DIRECT/DOL,SL,BRANCH,BICOL,WILLY & SONS TABACO,F4,4,"PAMA, REY JOSEPH",3PL,Active
59,SATURDAY,DIRECT/DOL,SL,BRANCH,BICOL,WILLY & SONS CAMALIG,F4,4,"PAMA, REY JOSEPH",3PL,Active
